{"accuracy": 0.6335329341317365, "precision": 0.5937062937062937, "recall": 0.8147792706333973, "epoch": 32}